[{"adult":false,"backdrop_path":"\/orjiB3oUIsyz60hoEqkiGpy5CeO.jpg","belongs_to_collection":{"id":86311,"name":"The Avengers Collection","poster_path":"\/yFSIUVTCvgYrpalUktulvk3Gi5Y.jpg","backdrop_path":"\/zuW6fOiusv4X9nnW3paHGfXcSll.jpg"},"budget":356000000,"genres":[{"id":12,"name":"Adventure"},{"id":878,"name":"Science Fiction"},{"id":28,"name":"Action"}],"homepage":"https:\/\/www.marvel.com\/movies\/avengers-endgame","id":299534,"imdb_id":"tt4154796","original_language":"en","original_title":"Avengers: Endgame","overview":"After the devastating events of Avengers: Infinity War, the universe is in ruins due to the efforts of the Mad Titan, Thanos. With the help of remaining allies, the Avengers must assemble once more in order to undo Thanos' actions and restore order to the universe once and for all, no matter what consequences may be in store.","popularity":50.279,"poster_path":"\/or06FN3Dka5tukK1e9sl16pB3iy.jpg","production_companies":[{"id":420,"logo_path":"\/hUzeosd33nzE5MCNsZxCGEKTXaQ.png","name":"Marvel Studios","origin_country":"US"}],"production_countries":[{"iso_3166_1":"US","name":"United States of America"}],"release_date":"2019-04-24","revenue":2797800564,"runtime":181,"spoken_languages":[{"iso_639_1":"en","name":"English"},{"iso_639_1":"ja","name":"\u65e5\u672c\u8a9e"},{"iso_639_1":"xh","name":""}],"status":"Released","tagline":"Part of the journey is the end.","title":"Avengers: Endgame","video":false,"vote_average":8.3,"vote_count":12607},{"adult":false,"backdrop_path":"\/wcC7kCICL6x6zHUlUyNp9pWoqW1.jpg","belongs_to_collection":{"id":87096,"name":"Avatar Collection","poster_path":"\/nslJVsO58Etqkk17oXMuVK4gNOF.jpg","backdrop_path":"\/8nCr9W7sKus2q9PLbYsnT7iCkuT.jpg"},"budget":237000000,"genres":[{"id":28,"name":"Action"},{"id":12,"name":"Adventure"},{"id":14,"name":"Fantasy"},{"id":878,"name":"Science Fiction"}],"homepage":"http:\/\/www.avatarmovie.com\/","id":19995,"imdb_id":"tt0499549","original_language":"en","original_title":"Avatar","overview":"In the 22nd century, a paraplegic Marine is dispatched to the moon Pandora on a unique mission, but becomes torn between following orders and protecting an alien civilization.","popularity":40.5,"poster_path":"\/btnl50ZDJDSCal2NLQIYWw0XxvH.jpg","production_companies":[{"id":444,"logo_path":"\/42UPdZl6B2cFXgNUASR8hSt9mpS.png","name":"Dune Entertainment","origin_country":"US"},{"id":574,"logo_path":"\/iB6GjNVHs5hOqcEYt2rcjBqIjki.png","name":"Lightstorm Entertainment","origin_country":"US"},{"id":25,"logo_path":"\/qZCc1lty5FzX30aOCVRBLzaVmcp.png","name":"20th Century Fox","origin_country":"US"},{"id":290,"logo_path":"\/Q8mw2AOQQc8Qg0uNwLWq86DVZv.png","name":"Ingenious Media","origin_country":"GB"}],"production_countries":[{"iso_3166_1":"US","name":"United States of America"},{"iso_3166_1":"GB","name":"United Kingdom"}],"release_date":"2009-12-10","revenue":2787965087,"runtime":162,"spoken_languages":[{"iso_639_1":"en","name":"English"},{"iso_639_1":"es","name":"Espa\u00f1ol"}],"status":"Released","tagline":"Enter the World of Pandora.","title":"Avatar","video":false,"vote_average":7.4,"vote_count":21000},{"adult":false,"backdrop_path":"\/8BTsTfln4jlQrLXUBquXJ0ASQy9.jpg","belongs_to_collection":{"id":10,"name":"Star Wars Collection","poster_path":"\/r8Ph5MYXL04Qzu4QBbq2KjqwtkQ.jpg","backdrop_path":"\/d8duYyyC9J5T825Hg7grmaabfxQ.jpg"},"budget":245000000,"genres":[{"id":28,"name":"Action"},{"id":12,"name":"Adventure"},{"id":878,"name":"Science Fiction"},{"id":14,"name":"Fantasy"}],"homepage":"http:\/\/www.starwars.com\/films\/star-wars-episode-vii","id":140607,"imdb_id":"tt2488496","original_language":"en","original_title":"Star Wars: The Force Awakens","overview":"Thirty years after defeating the Galactic Empire, Han Solo and his allies face a new threat from the evil Kylo Ren and his army of Stormtroopers.","popularity":36.198,"poster_path":"\/9rd002JS49RwDW944fF1wjU8iTV.jpg","production_companies":[{"id":1634,"logo_path":null,"name":"Truenorth Productions","origin_country":"IS"},{"id":1,"logo_path":"\/o86DbpburjxrqAzEDhXZcyE8pDb.png","name":"Lucasfilm","origin_country":"US"},{"id":11461,"logo_path":"\/p9FoEt5shEKRWRKVIlvFaEmRnun.png","name":"Bad Robot","origin_country":"US"}],"production_countries":[{"iso_3166_1":"US","name":"United States of America"}],"release_date":"2015-12-15","revenue":2068223624,"runtime":136,"spoken_languages":[{"iso_639_1":"en","name":"English"}],"status":"Released","tagline":"Every generation has a story.","title":"Star Wars: The Force Awakens","video":false,"vote_average":7.4,"vote_count":14205},{"adult":false,"backdrop_path":"\/lmZFxXgJE3vgrciwuDib0N8CfQo.jpg","belongs_to_collection":{"id":86311,"name":"The Avengers Collection","poster_path":"\/yFSIUVTCvgYrpalUktulvk3Gi5Y.jpg","backdrop_path":"\/zuW6fOiusv4X9nnW3paHGfXcSll.jpg"},"budget":300000000,"genres":[{"id":12,"name":"Adventure"},{"id":28,"name":"Action"},{"id":878,"name":"Science Fiction"}],"homepage":"https:\/\/www.marvel.com\/movies\/avengers-infinity-war","id":299536,"imdb_id":"tt4154756","original_language":"en","original_title":"Avengers: Infinity War","overview":"As the Avengers and their allies have continued to protect the world from threats too large for any one hero to handle, a new danger has emerged from the cosmic shadows: Thanos. A despot of intergalactic infamy, his goal is to collect all six Infinity Stones, artifacts of unimaginable power, and use them to inflict his twisted will on all of reality. Everything the Avengers have fought for has led up to this moment - the fate of Earth and existence itself has never been more uncertain.","popularity":78.331,"poster_path":"\/7WsyChQLEftFiDOVTGkv3hFpyyt.jpg","production_companies":[{"id":420,"logo_path":"\/hUzeosd33nzE5MCNsZxCGEKTXaQ.png","name":"Marvel Studios","origin_country":"US"}],"production_countries":[{"iso_3166_1":"US","name":"United States of America"}],"release_date":"2018-04-25","revenue":2046239637,"runtime":149,"spoken_languages":[{"iso_639_1":"en","name":"English"},{"iso_639_1":"xh","name":""}],"status":"Released","tagline":"An entire universe. Once and for all.","title":"Avengers: Infinity War","video":false,"vote_average":8.3,"vote_count":17718},{"adult":false,"backdrop_path":"\/6VmFqApQRyZZzmiGOQq2C92jyvH.jpg","belongs_to_collection":null,"budget":200000000,"genres":[{"id":18,"name":"Drama"},{"id":10749,"name":"Romance"}],"homepage":"","id":597,"imdb_id":"tt0120338","original_language":"en","original_title":"Titanic","overview":"101-year-old Rose DeWitt Bukater tells the story of her life aboard the Titanic, 84 years later. A young Rose boards the ship with her mother and fianc\u00e9. Meanwhile, Jack Dawson and Fabrizio De Rossi win third-class tickets aboard the ship. Rose tells the whole story from Titanic's departure through to its death\u2014on its first and last voyage\u2014on April 15, 1912.","popularity":38.062,"poster_path":"\/9xjZS2rlVxm8SFx8kPC3aIGCOYQ.jpg","production_companies":[{"id":4,"logo_path":"\/fycMZt242LVjagMByZOLUGbCvv3.png","name":"Paramount","origin_country":"US"},{"id":574,"logo_path":"\/iB6GjNVHs5hOqcEYt2rcjBqIjki.png","name":"Lightstorm Entertainment","origin_country":"US"},{"id":25,"logo_path":"\/qZCc1lty5FzX30aOCVRBLzaVmcp.png","name":"20th Century Fox","origin_country":"US"}],"production_countries":[{"iso_3166_1":"US","name":"United States of America"}],"release_date":"1997-11-18","revenue":1845034188,"runtime":194,"spoken_languages":[{"iso_639_1":"en","name":"English"},{"iso_639_1":"fr","name":"Fran\u00e7ais"},{"iso_639_1":"de","name":"Deutsch"},{"iso_639_1":"sv","name":"svenska"},{"iso_639_1":"it","name":"Italiano"},{"iso_639_1":"ru","name":"P\u0443\u0441\u0441\u043a\u0438\u0439"}],"status":"Released","tagline":"Nothing on Earth could come between them.","title":"Titanic","video":false,"vote_average":7.8,"vote_count":16661},{"adult":false,"backdrop_path":"\/9OywzJLgobAbSGfhMXligzTylko.jpg","belongs_to_collection":{"id":328,"name":"Jurassic Park Collection","poster_path":"\/qIm2nHXLpBBdMxi8dvfrnDkBUDh.jpg","backdrop_path":"\/njFixYzIxX8jsn6KMSEtAzi4avi.jpg"},"budget":150000000,"genres":[{"id":28,"name":"Action"},{"id":12,"name":"Adventure"},{"id":878,"name":"Science Fiction"},{"id":53,"name":"Thriller"}],"homepage":"http:\/\/www.jurassicworld.com\/","id":135397,"imdb_id":"tt0369610","original_language":"en","original_title":"Jurassic World","overview":"Twenty-two years after the events of Jurassic Park, Isla Nublar now features a fully functioning dinosaur theme park, Jurassic World, as originally envisioned by John Hammond.","popularity":25.281,"poster_path":"\/rhr4y79GpxQF9IsfJItRXVaoGs4.jpg","production_companies":[{"id":3341,"logo_path":"\/dTG5dXE1kU2mpmL9BNnraffckLU.png","name":"Fuji Television Network","origin_country":"JP"},{"id":56,"logo_path":"\/cEaxANEisCqeEoRvODv2dO1I0iI.png","name":"Amblin Entertainment","origin_country":"US"},{"id":923,"logo_path":"\/5UQsZrfbfG2dYJbx8DxfoTr2Bvu.png","name":"Legendary Entertainment","origin_country":"US"},{"id":33,"logo_path":"\/8lvHyhjr8oUKOOy2dKXoALWKdp0.png","name":"Universal Pictures","origin_country":"US"},{"id":1778,"logo_path":"\/69xm6sF3JxugGVjfZfm1YY6d7EE.png","name":"Dentsu","origin_country":"JP"},{"id":862,"logo_path":"\/udTjbqPmcTbfrihMuLtLcizDEM1.png","name":"The Kennedy\/Marshall Company","origin_country":"US"}],"production_countries":[{"iso_3166_1":"US","name":"United States of America"}],"release_date":"2015-06-06","revenue":1671713208,"runtime":124,"spoken_languages":[{"iso_639_1":"en","name":"English"}],"status":"Released","tagline":"The park is open.","title":"Jurassic World","video":false,"vote_average":6.6,"vote_count":15399},{"adult":false,"backdrop_path":"\/nRXO2SnOA75OsWhNhXstHB8ZmI3.jpg","belongs_to_collection":null,"budget":260000000,"genres":[{"id":12,"name":"Adventure"},{"id":10751,"name":"Family"}],"homepage":"https:\/\/movies.disney.com\/the-lion-king-2019","id":420818,"imdb_id":"tt6105098","original_language":"en","original_title":"The Lion King","overview":"Simba idolizes his father, King Mufasa, and takes to heart his own royal destiny. But not everyone in the kingdom celebrates the new cub's arrival. Scar, Mufasa's brother\u2014and former heir to the throne\u2014has plans of his own. The battle for Pride Rock is ravaged with betrayal, tragedy and drama, ultimately resulting in Simba's exile. With help from a curious pair of newfound friends, Simba will have to figure out how to grow up and take back what is rightfully his.","popularity":49.847,"poster_path":"\/2bXbqYdUdNVa8VIWXVfclP2ICtT.jpg","production_companies":[{"id":2,"logo_path":"\/wdrCwmRnLFJhEoH8GSfymY85KHT.png","name":"Walt Disney Pictures","origin_country":"US"},{"id":7297,"logo_path":"\/l29JYQVZbTcjZXoz4CUYFpKRmM3.png","name":"Fairview Entertainment","origin_country":"US"}],"production_countries":[{"iso_3166_1":"US","name":"United States of America"}],"release_date":"2019-07-12","revenue":1656943394,"runtime":118,"spoken_languages":[{"iso_639_1":"en","name":"English"}],"status":"Released","tagline":"The King has Returned.","title":"The Lion King","video":false,"vote_average":7.2,"vote_count":5425},{"adult":false,"backdrop_path":"\/v3A0T4fAz8xRugAkfUVkxGLd377.jpg","belongs_to_collection":{"id":86311,"name":"The Avengers Collection","poster_path":"\/yFSIUVTCvgYrpalUktulvk3Gi5Y.jpg","backdrop_path":"\/zuW6fOiusv4X9nnW3paHGfXcSll.jpg"},"budget":220000000,"genres":[{"id":878,"name":"Science Fiction"},{"id":28,"name":"Action"},{"id":12,"name":"Adventure"}],"homepage":"http:\/\/marvel.com\/avengers_movie\/","id":24428,"imdb_id":"tt0848228","original_language":"en","original_title":"The Avengers","overview":"When an unexpected enemy emerges and threatens global safety and security, Nick Fury, director of the international peacekeeping agency known as S.H.I.E.L.D., finds himself in need of a team to pull the world back from the brink of disaster. Spanning the globe, a daring recruitment effort begins!","popularity":69.459,"poster_path":"\/RYMX2wcKCBAr24UyPD7xwmjaTn.jpg","production_companies":[{"id":420,"logo_path":"\/hUzeosd33nzE5MCNsZxCGEKTXaQ.png","name":"Marvel Studios","origin_country":"US"},{"id":4,"logo_path":"\/fycMZt242LVjagMByZOLUGbCvv3.png","name":"Paramount","origin_country":"US"}],"production_countries":[{"iso_3166_1":"US","name":"United States of America"}],"release_date":"2012-04-25","revenue":1519557910,"runtime":143,"spoken_languages":[{"iso_639_1":"en","name":"English"},{"iso_639_1":"hi","name":"\u0939\u093f\u0928\u094d\u0926\u0940"},{"iso_639_1":"ru","name":"P\u0443\u0441\u0441\u043a\u0438\u0439"}],"status":"Released","tagline":"Some assembly required.","title":"The Avengers","video":false,"vote_average":7.7,"vote_count":22101},{"adult":false,"backdrop_path":"\/7X6zOOEzXTQJkzDgBHVly1BgyYu.jpg","belongs_to_collection":{"id":9485,"name":"The Fast and the Furious Collection","poster_path":"\/uv63yAGg1zETAs1XQsOQpava87l.jpg","backdrop_path":"\/z5A5W3WYJc3UVEWljSGwdjDgQ0j.jpg"},"budget":190000000,"genres":[{"id":28,"name":"Action"},{"id":53,"name":"Thriller"}],"homepage":"http:\/\/www.furious7.com\/","id":168259,"imdb_id":"tt2820852","original_language":"en","original_title":"Furious 7","overview":"Deckard Shaw seeks revenge against Dominic Toretto and his family for his comatose brother.","popularity":22.032,"poster_path":"\/d9jZ2bKZw3ptTuxAyVHA6olPAVs.jpg","production_companies":[{"id":87857,"logo_path":null,"name":"Abu Dhabi Film Commission","origin_country":""},{"id":33,"logo_path":"\/8lvHyhjr8oUKOOy2dKXoALWKdp0.png","name":"Universal Pictures","origin_country":"US"},{"id":40890,"logo_path":null,"name":"China Film Co.","origin_country":"CN"},{"id":333,"logo_path":"\/5xUJfzPZ8jWJUDzYtIeuPO4qPIa.png","name":"Original Film","origin_country":"US"},{"id":3341,"logo_path":"\/dTG5dXE1kU2mpmL9BNnraffckLU.png","name":"Fuji Television Network","origin_country":"JP"},{"id":86352,"logo_path":null,"name":"Qu\u00e9bec Production Services Tax Credit","origin_country":""},{"id":87858,"logo_path":null,"name":"Colorado Office of Film, Television & Media","origin_country":""},{"id":1778,"logo_path":"\/69xm6sF3JxugGVjfZfm1YY6d7EE.png","name":"Dentsu","origin_country":"JP"},{"id":2531,"logo_path":"\/pC2iDCDCvV85vOBP7a5Ukxuc0Du.png","name":"Media Rights Capital","origin_country":"US"},{"id":1225,"logo_path":null,"name":"One Race","origin_country":"US"}],"production_countries":[{"iso_3166_1":"US","name":"United States of America"}],"release_date":"2015-04-01","revenue":1515047671,"runtime":137,"spoken_languages":[{"iso_639_1":"en","name":"English"}],"status":"Released","tagline":"Vengeance Hits Home","title":"Furious 7","video":false,"vote_average":7.3,"vote_count":7359},{"adult":false,"backdrop_path":"\/4zmNJNQkugbalqJLnKp0wnlp8i3.jpg","belongs_to_collection":{"id":86311,"name":"The Avengers Collection","poster_path":"\/yFSIUVTCvgYrpalUktulvk3Gi5Y.jpg","backdrop_path":"\/zuW6fOiusv4X9nnW3paHGfXcSll.jpg"},"budget":250000000,"genres":[{"id":28,"name":"Action"},{"id":12,"name":"Adventure"},{"id":878,"name":"Science Fiction"}],"homepage":"http:\/\/marvel.com\/movies\/movie\/193\/avengers_age_of_ultron","id":99861,"imdb_id":"tt2395427","original_language":"en","original_title":"Avengers: Age of Ultron","overview":"When Tony Stark tries to jumpstart a dormant peacekeeping program, things go awry and Earth\u2019s Mightiest Heroes are put to the ultimate test as the fate of the planet hangs in the balance. As the villainous Ultron emerges, it is up to The Avengers to stop him from enacting his terrible plans, and soon uneasy alliances and unexpected action pave the way for an epic and unique global adventure.","popularity":43.805,"poster_path":"\/4ssDuvEDkSArWEdyBl2X5EHvYKU.jpg","production_companies":[{"id":420,"logo_path":"\/hUzeosd33nzE5MCNsZxCGEKTXaQ.png","name":"Marvel Studios","origin_country":"US"}],"production_countries":[{"iso_3166_1":"US","name":"United States of America"}],"release_date":"2015-04-22","revenue":1405403694,"runtime":141,"spoken_languages":[{"iso_639_1":"en","name":"English"}],"status":"Released","tagline":"A New Age Has Come.","title":"Avengers: Age of Ultron","video":false,"vote_average":7.3,"vote_count":15548},{"adult":false,"backdrop_path":"\/6ELJEzQJ3Y45HczvreC3dg0GV5R.jpg","belongs_to_collection":{"id":529892,"name":"Black Panther Collection","poster_path":"\/9ZSPIsxI3TZDgfg0Jzk0RZl4INg.jpg","backdrop_path":"\/1Jj7Frjjbewb6Q6dl6YXhL3kuvL.jpg"},"budget":200000000,"genres":[{"id":28,"name":"Action"},{"id":12,"name":"Adventure"},{"id":14,"name":"Fantasy"},{"id":878,"name":"Science Fiction"}],"homepage":"https:\/\/marvel.com\/movies\/movie\/224\/black_panther","id":284054,"imdb_id":"tt1825683","original_language":"en","original_title":"Black Panther","overview":"King T'Challa returns home from America to the reclusive, technologically advanced African nation of Wakanda to serve as his country's new leader. However, T'Challa soon finds that he is challenged for the throne by factions within his own country as well as without. Using powers reserved to Wakandan kings, T'Challa assumes the Black Panther mantel to join with girlfriend Nakia, the queen-mother, his princess-kid sister, members of the Dora Milaje (the Wakandan 'special forces') and an American secret agent, to prevent Wakanda from being dragged into a world war.","popularity":36.581,"poster_path":"\/uxzzxijgPIY7slzFvMotPv8wjKA.jpg","production_companies":[{"id":420,"logo_path":"\/hUzeosd33nzE5MCNsZxCGEKTXaQ.png","name":"Marvel Studios","origin_country":"US"},{"id":2,"logo_path":"\/wdrCwmRnLFJhEoH8GSfymY85KHT.png","name":"Walt Disney Pictures","origin_country":"US"}],"production_countries":[{"iso_3166_1":"US","name":"United States of America"}],"release_date":"2018-02-13","revenue":1346739107,"runtime":134,"spoken_languages":[{"iso_639_1":"en","name":"English"},{"iso_639_1":"ko","name":"\ud55c\uad6d\uc5b4\/\uc870\uc120\ub9d0"},{"iso_639_1":"sw","name":"Kiswahili"},{"iso_639_1":"xh","name":""}],"status":"Released","tagline":"Long live the king.","title":"Black Panther","video":false,"vote_average":7.4,"vote_count":14830},{"adult":false,"backdrop_path":"\/n5A7brJCjejceZmHyujwUTVgQNC.jpg","belongs_to_collection":{"id":1241,"name":"Harry Potter Collection","poster_path":"\/eVPs2Y0LyvTLZn6AP5Z6O2rtiGB.jpg","backdrop_path":"\/wfnMt6LGqYHcNyOfsuusw5lX3bL.jpg"},"budget":125000000,"genres":[{"id":14,"name":"Fantasy"},{"id":12,"name":"Adventure"}],"homepage":"https:\/\/www.warnerbros.com\/movies\/harry-potter-and-deathly-hallows-part-2\/","id":12445,"imdb_id":"tt1201607","original_language":"en","original_title":"Harry Potter and the Deathly Hallows: Part 2","overview":"Harry, Ron and Hermione continue their quest to vanquish the evil Voldemort once and for all. Just as things begin to look hopeless for the young wizards, Harry discovers a trio of magical objects that endow him with powers to rival Voldemort's formidable skills.","popularity":40.209,"poster_path":"\/c54HpQmuwXjHq2C9wmoACjxoom3.jpg","production_companies":[{"id":174,"logo_path":"\/IuAlhI9eVC9Z8UQWOIDdWRKSEJ.png","name":"Warner Bros. Pictures","origin_country":"US"},{"id":437,"logo_path":"\/nu20mtwbEIhUNnQ5NXVhHsNknZj.png","name":"Heyday Films","origin_country":"GB"}],"production_countries":[{"iso_3166_1":"GB","name":"United Kingdom"},{"iso_3166_1":"US","name":"United States of America"}],"release_date":"2011-07-07","revenue":1341511219,"runtime":130,"spoken_languages":[{"iso_639_1":"en","name":"English"}],"status":"Released","tagline":"It all ends here.","title":"Harry Potter and the Deathly Hallows: Part 2","video":false,"vote_average":8.1,"vote_count":13447},{"adult":false,"backdrop_path":"\/5Iw7zQTHVRBOYpA0V6z0yypOPZh.jpg","belongs_to_collection":{"id":10,"name":"Star Wars Collection","poster_path":"\/r8Ph5MYXL04Qzu4QBbq2KjqwtkQ.jpg","backdrop_path":"\/d8duYyyC9J5T825Hg7grmaabfxQ.jpg"},"budget":200000000,"genres":[{"id":878,"name":"Science Fiction"},{"id":28,"name":"Action"},{"id":12,"name":"Adventure"}],"homepage":"https:\/\/www.starwars.com\/films\/star-wars-episode-viii-the-last-jedi","id":181808,"imdb_id":"tt2527336","original_language":"en","original_title":"Star Wars: The Last Jedi","overview":"Rey develops her newly discovered abilities with the guidance of Luke Skywalker, who is unsettled by the strength of her powers. Meanwhile, the Resistance prepares to do battle with the First Order.","popularity":43.437,"poster_path":"\/kOVEVeg59E0wsnXmF9nrh6OmWII.jpg","production_companies":[{"id":1,"logo_path":"\/o86DbpburjxrqAzEDhXZcyE8pDb.png","name":"Lucasfilm","origin_country":"US"},{"id":11092,"logo_path":null,"name":"Ram Bergman Productions","origin_country":"US"},{"id":2,"logo_path":"\/wdrCwmRnLFJhEoH8GSfymY85KHT.png","name":"Walt Disney Pictures","origin_country":"US"}],"production_countries":[{"iso_3166_1":"US","name":"United States of America"}],"release_date":"2017-12-13","revenue":1332539889,"runtime":152,"spoken_languages":[{"iso_639_1":"en","name":"English"}],"status":"Released","tagline":"Darkness rises... and light to meet it","title":"Star Wars: The Last Jedi","video":false,"vote_average":7.0,"vote_count":10304},{"adult":false,"backdrop_path":"\/xJWPZIYOEFIjZpBL7SVBGnzRYXp.jpg","belongs_to_collection":{"id":386382,"name":"Frozen Collection","poster_path":"\/rpoXnE9UzCbjmINhxIi8bZF557B.jpg","backdrop_path":"\/k21wXgC9AVnKoHW1lRPS0UUGCZ4.jpg"},"budget":150000000,"genres":[{"id":16,"name":"Animation"},{"id":10751,"name":"Family"},{"id":12,"name":"Adventure"}],"homepage":"https:\/\/movies.disney.com\/frozen-2","id":330457,"imdb_id":"tt4520988","original_language":"en","original_title":"Frozen II","overview":"Elsa, Anna, Kristoff and Olaf head far into the forest to learn the truth about an ancient mystery of their kingdom.","popularity":71.177,"poster_path":"\/h6Wi81XNXCjTAcdstiCLRykN3Pa.jpg","production_companies":[{"id":6125,"logo_path":"\/tVPmo07IHhBs4HuilrcV0yujsZ9.png","name":"Walt Disney Animation Studios","origin_country":"US"},{"id":2,"logo_path":"\/wdrCwmRnLFJhEoH8GSfymY85KHT.png","name":"Walt Disney Pictures","origin_country":"US"}],"production_countries":[{"iso_3166_1":"US","name":"United States of America"}],"release_date":"2019-11-20","revenue":1330764959,"runtime":104,"spoken_languages":[{"iso_639_1":"en","name":"English"}],"status":"Released","tagline":"The past is not what it seems.","title":"Frozen II","video":false,"vote_average":7.2,"vote_count":3982},{"adult":false,"backdrop_path":"\/3s9O5af2xWKWR5JzP2iJZpZeQQg.jpg","belongs_to_collection":{"id":328,"name":"Jurassic Park Collection","poster_path":"\/qIm2nHXLpBBdMxi8dvfrnDkBUDh.jpg","backdrop_path":"\/njFixYzIxX8jsn6KMSEtAzi4avi.jpg"},"budget":170000000,"genres":[{"id":28,"name":"Action"},{"id":12,"name":"Adventure"},{"id":878,"name":"Science Fiction"}],"homepage":"http:\/\/www.jurassicworld.com","id":351286,"imdb_id":"tt4881806","original_language":"en","original_title":"Jurassic World: Fallen Kingdom","overview":"Three years after the demise of Jurassic World, a volcanic eruption threatens the remaining dinosaurs on the isla Nublar, so Claire Dearing, the former park manager, recruits Owen Grady to help prevent the extinction of the dinosaurs once again.","popularity":34.147,"poster_path":"\/c9XxwwhPHdaImA2f1WEfEsbhaFB.jpg","production_companies":[{"id":56,"logo_path":"\/cEaxANEisCqeEoRvODv2dO1I0iI.png","name":"Amblin Entertainment","origin_country":"US"},{"id":923,"logo_path":"\/5UQsZrfbfG2dYJbx8DxfoTr2Bvu.png","name":"Legendary Entertainment","origin_country":"US"},{"id":33,"logo_path":"\/8lvHyhjr8oUKOOy2dKXoALWKdp0.png","name":"Universal Pictures","origin_country":"US"},{"id":10338,"logo_path":"\/el2ap6lvjcEDdbyJoB3oKiYgXu9.png","name":"Perfect World Pictures","origin_country":"CN"}],"production_countries":[{"iso_3166_1":"US","name":"United States of America"}],"release_date":"2018-06-06","revenue":1303459585,"runtime":129,"spoken_languages":[{"iso_639_1":"en","name":"English"},{"iso_639_1":"ru","name":"P\u0443\u0441\u0441\u043a\u0438\u0439"}],"status":"Released","tagline":"The park is gone","title":"Jurassic World: Fallen Kingdom","video":false,"vote_average":6.5,"vote_count":7337},{"adult":false,"backdrop_path":"\/fydUcbkqLyESCFa9U5XKqi8dIVj.jpg","belongs_to_collection":{"id":386382,"name":"Frozen Collection","poster_path":"\/rpoXnE9UzCbjmINhxIi8bZF557B.jpg","backdrop_path":"\/k21wXgC9AVnKoHW1lRPS0UUGCZ4.jpg"},"budget":150000000,"genres":[{"id":16,"name":"Animation"},{"id":12,"name":"Adventure"},{"id":10751,"name":"Family"}],"homepage":"http:\/\/movies.disney.com\/frozen","id":109445,"imdb_id":"tt2294629","original_language":"en","original_title":"Frozen","overview":"Young princess Anna of Arendelle dreams about finding true love at her sister Elsa\u2019s coronation. Fate takes her on a dangerous journey in an attempt to end the eternal winter that has fallen over the kingdom. She's accompanied by ice delivery man Kristoff, his reindeer Sven, and snowman Olaf. On an adventure where she will find out what friendship, courage, family, and true love really means.","popularity":45.911,"poster_path":"\/yald8Lsb4uCRvjIH3spzR84Kdwf.jpg","production_companies":[{"id":2,"logo_path":"\/wdrCwmRnLFJhEoH8GSfymY85KHT.png","name":"Walt Disney Pictures","origin_country":"US"},{"id":6125,"logo_path":"\/tVPmo07IHhBs4HuilrcV0yujsZ9.png","name":"Walt Disney Animation Studios","origin_country":"US"}],"production_countries":[{"iso_3166_1":"US","name":"United States of America"}],"release_date":"2013-11-27","revenue":1274219009,"runtime":102,"spoken_languages":[{"iso_639_1":"en","name":"English"}],"status":"Released","tagline":"Only the act of true love will thaw a frozen heart.","title":"Frozen","video":false,"vote_average":7.3,"vote_count":11616},{"adult":false,"backdrop_path":"\/7QshG75xKCmClghQDU1ta2BTaja.jpg","belongs_to_collection":null,"budget":160000000,"genres":[{"id":10751,"name":"Family"},{"id":14,"name":"Fantasy"},{"id":10749,"name":"Romance"}],"homepage":"http:\/\/movies.disney.com\/beauty-and-the-beast-2017","id":321612,"imdb_id":"tt2771200","original_language":"en","original_title":"Beauty and the Beast","overview":"A live-action adaptation of Disney's version of the classic tale of a cursed prince and a beautiful young woman who helps him break the spell.","popularity":30.506,"poster_path":"\/tWqifoYuwLETmmasnGHO7xBjEtt.jpg","production_companies":[{"id":2,"logo_path":"\/wdrCwmRnLFJhEoH8GSfymY85KHT.png","name":"Walt Disney Pictures","origin_country":"US"},{"id":10227,"logo_path":"\/3YfRy3DBl4abcqkzGx4RVNz12yl.png","name":"Mandeville Films","origin_country":"US"}],"production_countries":[{"iso_3166_1":"US","name":"United States of America"}],"release_date":"2017-03-16","revenue":1263521126,"runtime":129,"spoken_languages":[{"iso_639_1":"en","name":"English"},{"iso_639_1":"fr","name":"Fran\u00e7ais"}],"status":"Released","tagline":"Be our guest.","title":"Beauty and the Beast","video":false,"vote_average":6.9,"vote_count":12203},{"adult":false,"backdrop_path":"\/mabuNsGJgRuCTuGqjFkWe1xdu19.jpg","belongs_to_collection":{"id":468222,"name":"The Incredibles Collection","poster_path":"\/l7GqbzkJwowYRIXAtUz2iCPi64a.jpg","backdrop_path":"\/9eDW2dVhnzPS2HvaRdK2OlAGaLq.jpg"},"budget":200000000,"genres":[{"id":28,"name":"Action"},{"id":12,"name":"Adventure"},{"id":16,"name":"Animation"},{"id":10751,"name":"Family"}],"homepage":"https:\/\/movies.disney.com\/incredibles-2","id":260513,"imdb_id":"tt3606756","original_language":"en","original_title":"Incredibles 2","overview":"Elastigirl springs into action to save the day, while Mr. Incredible faces his greatest challenge yet \u2013 taking care of the problems of his three children.","popularity":30.701,"poster_path":"\/9lFKBtaVIhP7E2Pk0IY1CwTKTMZ.jpg","production_companies":[{"id":2,"logo_path":"\/wdrCwmRnLFJhEoH8GSfymY85KHT.png","name":"Walt Disney Pictures","origin_country":"US"},{"id":3,"logo_path":"\/1TjvGVDMYsj6JBxOAkUHpPEwLf7.png","name":"Pixar","origin_country":"US"}],"production_countries":[{"iso_3166_1":"US","name":"United States of America"}],"release_date":"2018-06-14","revenue":1241891456,"runtime":118,"spoken_languages":[{"iso_639_1":"en","name":"English"}],"status":"Released","tagline":"Back to work.","title":"Incredibles 2","video":false,"vote_average":7.5,"vote_count":8147}]